"Response","Subgroup","Estimate","Std_Error","Conf_Low","Conf_High","P_Value","term","contrast","statistic","s.value","predicted_lo","predicted_hi","predicted","Model"
"Recovery","0-2 years",1.00395860067874,16.2580223022872,-30.8611795716531,32.8690967730105,0.950760661656945,"history","1 - 0",0.0617515822042824,0.0728458828212841,261.862533119858,262.866491720537,262.866491720537,"0-2 years"
"Recovery","3-5 years",-7.94328812174376,33.5734337026545,-73.7460090162899,57.8594327728024,0.812971425306428,"history","1 - 0",-0.236594451198946,0.298723450204763,384.548091916362,376.604803794619,376.604803794619,"3-5 years"
"Recovery","6-9 years",-2.30874056753623,38.6092258100387,-77.9814326261863,73.3639514911139,0.952316805596418,"history","1 - 0",-0.0597976395303929,0.0704865026243275,188.460673660707,186.151933093171,186.151933093171,"6-9 years"
"Recovery","10+ years",-10.2654954033561,26.3378041593158,-61.8866429874843,41.3556521807721,0.696711978888449,"history","1 - 0",-0.389762766146363,0.521365726465027,324.161423861078,313.895928457721,313.895928457721,"10+ years"
