"Model","Treatment_Effect","Standard_Error","T_Value","P_Value","Partial_R2","RV_q1","RV_q1_alpha0.05","Effect_Direction","Significance","Robustness_Ratio","Robustness_Assessment"
"Subgroup 1 (0-2 years) - Severity",79.8586660047994,15.713432269567,5.08219112379832,9.75793300454157e-07,0.131894206628545,0.363172419972312,0.111995475613891,"Positive","Significant",2.42114946648208,"Very Strong"
"Subgroup 2 (3-5 years) - Severity",54.4008438443041,43.7799887563503,1.24259611273685,0.223642044803225,0.0489488616480155,0.221243896295503,0,"Positive","Not Significant",1.47495930863669,"Strong"
"Subgroup 3 (6-9 years) - Severity",33.7109922116719,30.5929817341453,1.10191914291397,0.277427378611735,0.0309639109997941,0.175965652897928,0,"Positive","Not Significant",1.17310435265285,"Strong"
"Subgroup 4 (10+ years) - Severity",96.7879969165186,26.5344844044568,3.64763058671914,0.0004478629029576,0.131337855595112,0.362405650611455,0.0923534731546247,"Positive","Significant",2.41603767074303,"Very Strong"
"Subgroup 1 (0-2 years) - Recovery",1.00395860067872,16.25812876684,0.0617511778308948,0.950838054025588,2.38319817950001e-05,0.00488180108105606,0,"Positive","Not Significant",0.0325453405403737,"Very Weak"
"Subgroup 2 (3-5 years) - Recovery",-7.94328812174366,33.573390514461,-0.236594755549704,0.814579246946792,0.00186242750344453,0.0431558513233667,0,"Negative","Not Significant",0.287705675489112,"Weak"
"Subgroup 3 (6-9 years) - Recovery",-2.30874056753628,38.6093844802235,-0.0597973937843755,0.952647726549144,9.93159215736643e-05,0.00996573738233475,0,"Negative","Not Significant",0.066438249215565,"Very Weak"
"Subgroup 4 (10+ years) - Recovery",-10.2654954033561,26.337805035443,-0.389762753180904,0.697930099030968,0.00222906434483552,0.0472129679731694,0,"Negative","Not Significant",0.314753119821129,"Weak"
