"Response","Subgroup","Estimate","Std_Error","Conf_Low","Conf_High","P_Value","term","contrast","statistic","s.value","predicted_lo","predicted_hi","predicted","Model"
"Severity","0-2 years",79.8586660047995,15.7134322809522,49.060904660624,110.656427348975,3.73105719232558e-07,"history","1 - 0",5.08219112011599,21.3539121892211,249.779474898484,329.638140903283,329.638140903283,"0-2 years"
"Severity","3-5 years",54.4008438443041,43.7799891098621,-31.4063580545815,140.20804574319,0.214016706792285,"history","1 - 0",1.24259610270322,2.22420467272082,222.18890379187,276.589747636174,276.589747636174,"3-5 years"
"Severity","6-9 years",33.710992211672,30.5929805389546,-26.2501478244138,93.6721322477577,0.270496806754436,"history","1 - 0",1.10191918596317,1.88631653191376,211.546386782393,245.257378994065,245.257378994065,"6-9 years"
"Severity","10+ years",96.7879969165186,26.5344837103753,44.7813644958184,148.794629337219,0.000264669703716528,"history","1 - 0",3.64763068213283,11.8835193180725,205.37854741413,302.166544330649,302.166544330649,"10+ years"
